date,COD_mod
2025-01-01,761
2025-01-01,762
2025-01-01,763
2025-01-01,975
2025-01-01,982
2025-01-01,983
2025-01-01,2220
2025-01-01,2221
2025-01-01,2222
2025-01-01,2223
2025-01-03,2220
2025-01-03,2221
2025-01-03,2222
2025-01-03,2223
2025-01-12,662
2025-01-15,1783
2025-01-15,1794
2025-01-15,1795
2025-01-15,1801
2025-01-15,1802
2025-01-15,1819
2025-01-15,1820
2025-03-18,114
2025-03-18,115
2025-03-18,116
2025-03-18,117
2025-03-18,118
2025-03-18,121
2025-03-18,122
2025-03-18,123
2025-03-18,124
2025-03-18,239
2025-03-18,240
2025-03-18,241
2025-03-18,242
2025-03-18,243
2025-03-18,247
2025-03-18,248
2025-03-18,249
2025-03-18,250
2025-03-18,253
2025-03-18,254
2025-03-18,255
2025-03-18,256
2025-03-18,568
2025-03-18,569
2025-03-18,570
2025-03-18,571
2025-03-18,572
2025-03-18,573
2025-03-18,574
2025-03-18,576
2025-03-18,577
2025-03-18,578
2025-03-18,579
2025-03-18,580
2025-03-18,581
2025-03-18,583
2025-03-18,584
2025-03-18,585
2025-03-18,921
2025-03-18,922
2025-03-18,952
2025-03-18,953
2025-03-18,954
2025-03-18,1768
2025-03-20,37
2025-03-20,38
2025-03-20,39
2025-03-20,41
2025-03-20,42
2025-03-20,220
2025-03-20,221
2025-03-20,2280
2025-03-21,974
2025-03-21,978
2025-03-21,979
2025-03-21,980
2025-03-21,982
2025-03-21,1742
2025-03-21,1743
2025-03-23,2364
2025-03-23,2366
2025-03-23,2367
2025-03-23,2368
2025-03-23,2369
2025-03-23,2370
2025-03-23,2371
2025-03-23,2372
2025-03-23,2373
2025-03-24,577
2025-03-24,578
2025-03-24,754
2025-03-24,755
2025-03-24,756
2025-03-24,1765
2025-03-24,1767
2025-03-24,1768
2025-03-24,1769
2025-03-24,1770
2025-03-24,1771
2025-03-24,1772
2025-03-24,1774
2025-03-24,1778
2025-03-24,1782
2025-03-24,1784
2025-03-24,1785
2025-03-26,627
2025-03-26,633
2025-03-26,634
2025-03-26,635
2025-03-26,640
2025-03-26,641
2025-03-26,642
2025-03-26,678
2025-03-26,679
2025-03-26,680
2025-03-26,681
2025-03-26,683
2025-03-26,684
2025-03-26,685
2025-03-26,686
2025-03-26,687
2025-03-26,711
2025-03-26,726
2025-03-26,727
2025-03-26,728
2025-03-26,729
2025-03-26,788
2025-03-26,789
2025-03-29,222
2025-03-29,224
2025-03-29,234
2025-03-29,235
2025-03-29,236
2025-03-29,243
2025-03-29,2280
2025-03-31,4
2025-03-31,5
2025-03-31,6
2025-03-31,7
2025-03-31,13
2025-03-31,14
2025-03-31,15
2025-03-31,16
2025-03-31,17
2025-03-31,18
2025-03-31,19
2025-03-31,20
2025-03-31,21
2025-03-31,22
2025-03-31,23
2025-03-31,24
2025-03-31,26
2025-03-31,27
2025-03-31,28
2025-03-31,29
2025-03-31,30
2025-03-31,31
2025-03-31,32
2025-03-31,33
2025-03-31,34
2025-03-31,35
2025-03-31,65
2025-03-31,66
2025-03-31,79
2025-03-31,80
2025-03-31,81
2025-03-31,82
2025-03-31,83
2025-03-31,84
2025-03-31,85
2025-03-31,86
2025-03-31,87
2025-03-31,270
2025-03-31,2359
2025-03-31,2360
2025-03-31,2361
2025-03-31,2364
2025-03-31,2365
2025-03-31,2366
2025-03-31,2367
2025-03-31,2368
2025-03-31,2369
2025-03-31,2370
2025-03-31,2371
2025-03-31,2372
2025-03-31,2373
2025-03-31,2374
2025-03-31,2375
2025-03-31,2376
2025-04-01,568
2025-04-01,569
2025-04-01,570
2025-04-01,571
2025-04-01,572
2025-04-01,573
2025-04-01,574
2025-04-01,576
2025-04-01,577
2025-04-01,578
2025-04-01,1765
2025-04-01,1767
2025-04-01,1768
2025-04-01,1769
2025-04-01,1770
2025-04-01,1774
2025-04-01,1778
2025-04-02,578
2025-04-02,754
2025-04-02,755
2025-04-02,756
2025-04-02,1768
2025-04-02,1770
2025-04-02,1771
2025-04-02,1772
2025-04-02,1782
2025-04-02,1784
2025-04-02,1785
2025-04-03,625
2025-04-03,626
2025-04-03,627
2025-04-03,628
2025-04-03,629
2025-04-03,633
2025-04-03,634
2025-04-03,635
2025-04-03,641
2025-04-03,683
2025-04-03,684
2025-04-03,685
2025-04-03,731
2025-04-03,732
2025-04-03,733
2025-04-03,734
2025-04-03,735
2025-04-03,736
2025-04-03,737
2025-04-03,751
2025-04-03,887
2025-04-03,888
2025-04-03,890
2025-04-03,891
2025-04-03,892
2025-04-03,893
2025-04-07,2332
2025-04-07,2333
2025-04-07,2334
2025-04-07,2335
2025-04-07,2336
2025-04-08,65
2025-04-08,66
2025-04-08,79
2025-04-08,83
2025-04-08,84
2025-04-08,86
2025-04-08,87
2025-04-08,751
2025-04-08,891
2025-04-08,2360
2025-04-11,607
2025-04-11,617
2025-04-11,618
2025-04-11,719
2025-04-11,720
2025-04-11,721
2025-04-11,722
2025-04-11,723
2025-04-11,734
2025-04-11,735
2025-04-11,737
2025-04-11,751
2025-04-11,753
2025-04-11,754
2025-04-11,755
2025-04-11,834
2025-04-11,887
2025-04-11,888
2025-04-11,889
2025-04-11,890
2025-04-11,891
2025-04-11,892
2025-04-11,893
2025-04-12,58
2025-04-12,61
2025-04-12,62
2025-04-12,64
2025-04-12,65
2025-04-12,78
2025-04-12,79
2025-04-12,83
2025-04-12,87
2025-04-12,665
2025-04-12,668
2025-04-12,2311
2025-04-12,2313
2025-04-12,2314
2025-04-12,2315
2025-04-12,2316
2025-04-12,2317
2025-04-12,2322
2025-04-24,568
2025-04-24,569
2025-04-24,570
2025-04-24,571
2025-04-24,572
2025-04-24,573
2025-04-24,574
2025-04-24,575
2025-04-24,576
2025-04-24,577
2025-04-24,578
2025-04-24,756
2025-04-24,1765
2025-04-24,1767
2025-04-24,1768
2025-04-24,1769
2025-04-24,1770
2025-04-24,1771
2025-04-24,1774
2025-04-24,1778
2025-04-25,321
2025-04-25,617
2025-04-25,618
2025-04-25,619
2025-04-25,622
2025-04-25,623
2025-04-25,632
2025-04-25,634
2025-04-25,635
2025-04-25,686
2025-04-25,730
2025-04-25,731
2025-04-25,732
2025-04-25,733
2025-04-25,734
2025-04-25,735
2025-04-25,736
2025-04-25,737
2025-04-25,887
2025-04-25,888
2025-05-13,754
2025-05-13,755
2025-05-13,1770
2025-05-13,1771
2025-05-13,1772
2025-05-13,1782
2025-05-13,1783
2025-05-13,1784
2025-05-13,1785
2025-05-13,1786
2025-05-13,1787
2025-05-13,1788
2025-05-13,1789
2025-05-13,1790
2025-05-13,1791
2025-05-13,1792
2025-05-13,1793
2025-05-13,1794
2025-05-13,1796
2025-05-13,1808
2025-05-13,1809
2025-05-13,1811
2025-05-14,250
2025-05-14,755
2025-05-14,756
2025-05-14,969
2025-05-14,974
2025-05-14,1738
2025-05-14,1739
2025-05-14,1768
2025-05-14,1769
2025-05-14,1770
2025-05-14,1771
2025-05-14,1772
2025-05-14,1782
2025-05-14,1784
2025-05-14,1785
2025-05-15,37
2025-05-15,39
2025-05-15,125
2025-05-15,126
2025-05-15,127
2025-05-15,131
2025-05-15,2250
2025-05-15,2260
2025-05-15,2270
2025-05-15,2280
2025-05-18,126
2025-05-18,127
2025-05-18,129
2025-05-18,130
2025-05-18,131
2025-05-18,2352
2025-05-18,2353
2025-05-18,2354
2025-05-18,2355
2025-05-19,36
2025-05-19,37
2025-05-19,38
2025-05-19,39
2025-05-19,40
2025-05-19,41
2025-05-19,42
2025-05-19,43
2025-05-19,44
2025-05-19,45
2025-05-19,46
2025-05-19,47
2025-05-19,48
2025-05-19,49
2025-05-19,50
2025-05-19,51
2025-05-19,52
2025-05-19,53
2025-05-19,54
2025-05-19,55
2025-05-19,56
2025-05-19,57
2025-05-19,58
2025-05-19,59
2025-05-19,60
2025-05-19,61
2025-05-19,62
2025-05-19,63
2025-05-19,64
2025-05-19,67
2025-05-19,68
2025-05-19,69
2025-05-19,70
2025-05-19,71
2025-05-19,72
2025-05-19,73
2025-05-19,74
2025-05-19,75
2025-05-19,76
2025-05-19,77
2025-05-19,78
2025-05-19,99
2025-05-19,100
2025-05-19,101
2025-05-19,102
2025-05-19,103
2025-05-19,104
2025-05-19,105
2025-05-19,106
2025-05-19,107
2025-05-19,108
2025-05-19,114
2025-05-19,115
2025-05-19,116
2025-05-19,117
2025-05-19,118
2025-05-19,121
2025-05-19,122
2025-05-19,123
2025-05-19,124
2025-05-19,125
2025-05-19,126
2025-05-19,127
2025-05-19,131
2025-05-19,212
2025-05-19,213
2025-05-19,214
2025-05-19,215
2025-05-19,216
2025-05-19,217
2025-05-19,218
2025-05-19,219
2025-05-19,220
2025-05-19,221
2025-05-19,222
2025-05-19,223
2025-05-19,224
2025-05-19,225
2025-05-19,231
2025-05-19,232
2025-05-19,233
2025-05-19,234
2025-05-19,235
2025-05-19,236
2025-05-19,237
2025-05-19,238
2025-05-19,239
2025-05-19,240
2025-05-19,241
2025-05-19,242
2025-05-19,243
2025-05-19,244
2025-05-19,245
2025-05-19,246
2025-05-19,247
2025-05-19,248
2025-05-19,249
2025-05-19,250
2025-05-19,251
2025-05-19,252
2025-05-19,253
2025-05-19,254
2025-05-19,255
2025-05-19,256
2025-05-19,260
2025-05-19,2250
2025-05-19,2260
2025-05-19,2270
2025-05-19,2280
2025-05-19,2352
2025-05-19,2353
2025-05-19,2354
2025-05-19,2355
2025-05-20,755
2025-05-20,756
2025-05-20,961
2025-05-20,962
2025-05-20,96
2025-05-20,964
2025-05-20,965
2025-05-20,966
2025-05-20,967
2025-05-20,968
2025-05-20,969
2025-05-20,970
2025-05-20,971
2025-05-20,972
2025-05-20,973
2025-05-20,974
2025-05-20,975
2025-05-20,976
2025-05-20,977
2025-05-20,978
2025-05-20,979
2025-05-20,980
2025-05-20,982
2025-05-20,983
2025-05-20,984
2025-05-20,1738
2025-05-20,1739
2025-05-20,1740
2025-05-20,1741
2025-05-20,1742
2025-05-20,1743
2025-05-20,1744
2025-05-20,1745
2025-05-20,1746
2025-05-20,1747
2025-05-20,1748
2025-05-20,1749
2025-05-20,1750
2025-05-20,1751
2025-05-20,1752
2025-05-20,1754
2025-05-20,1755
2025-05-20,1756
2025-05-20,1757
2025-05-20,1758
2025-05-20,1759
2025-05-20,1760
2025-05-20,1761
2025-05-20,1762
2025-05-20,1763
2025-05-20,1764
2025-05-20,1765
2025-05-20,1766
2025-05-20,1767
2025-05-20,1768
2025-05-20,1769
2025-05-20,1770
2025-05-20,1771
2025-05-20,1772
2025-05-20,1774
2025-05-20,1775
2025-05-20,1776
2025-05-20,1777
2025-05-20,1778
2025-05-20,1782
2025-05-20,1784
2025-05-20,1785
2025-05-20,1786
2025-05-20,1787
2025-05-20,1788
2025-05-20,1789
2025-05-20,1790
2025-05-20,1791
2025-05-20,1792
2025-05-20,1796
2025-05-20,1806
2025-05-20,1807
2025-05-20,1809
2025-05-20,1810
2025-05-20,1811
2025-05-20,1812
2025-05-20,1813
2025-05-20,1814
2025-05-20,1815
2025-05-20,1816
2025-05-20,1817
2025-05-21,961
2025-05-21,962
2025-05-21,963
2025-05-21,964
2025-05-21,965
2025-05-21,966
2025-05-21,967
2025-05-21,968
2025-05-21,969
2025-05-21,970
2025-05-21,971
2025-05-21,972
2025-05-21,973
2025-05-21,974
2025-05-21,975
2025-05-21,976
2025-05-21,977
2025-05-21,978
2025-05-21,979
2025-05-21,980
2025-05-21,982
2025-05-21,983
2025-05-21,984
2025-05-21,1738
2025-05-21,1739
2025-05-21,1754
2025-05-21,1764
2025-05-21,1765
2025-05-21,1766
2025-05-21,1767
2025-05-21,1710
2025-05-21,1771
2025-05-21,1772
2025-05-21,1774
2025-05-21,1782
2025-05-21,1784
2025-05-21,1785
2025-05-21,1786
2025-05-21,1787
2025-05-21,1788
2025-05-21,1789
2025-05-21,1790
2025-05-21,1791
2025-05-21,1792
2025-05-21,1806
2025-05-21,1808
2025-05-21,1809
2025-05-21,1810
2025-05-21,1811
2025-05-21,1812
2025-05-21,1813
2025-05-21,1814
2025-05-21,1815
2025-05-21,1816
2025-05-21,1817
2025-05-22,607
2025-05-22,608
2025-05-22,617
2025-05-26,1
2025-05-26,2
2025-05-26,3
2025-05-26,4
2025-05-26,5
2025-05-26,6
2025-05-26,7
2025-05-26,8
2025-05-26,9
2025-05-26,10
2025-05-26,11
2025-05-26,12
2025-05-26,13
2025-05-26,14
2025-05-26,15
2025-05-26,16
2025-05-26,17
2025-05-26,18
2025-05-26,19
2025-05-26,20
2025-05-26,21
2025-05-26,22
2025-05-26,23
2025-05-26,24
2025-05-26,25
2025-05-26,26
2025-05-26,27
2025-05-26,28
2025-05-26,29
2025-05-26,30
2025-05-26,31
2025-05-26,32
2025-05-26,33
2025-05-26,34
2025-05-26,35
2025-05-26,36
2025-05-26,37
2025-05-26,38
2025-05-26,39
2025-05-26,40
2025-05-26,41
2025-05-26,42
2025-05-26,43
2025-05-26,44
2025-05-26,45
2025-05-26,46
2025-05-26,47
2025-05-26,48
2025-05-26,49
2025-05-26,50
2025-05-26,51
2025-05-26,52
2025-05-26,53
2025-05-26,54
2025-05-26,55
2025-05-26,56
2025-05-26,57
2025-05-26,58
2025-05-26,59
2025-05-26,60
2025-05-26,61
2025-05-26,62
2025-05-26,63
2025-05-26,64
2025-05-26,65
2025-05-26,66
2025-05-26,67
2025-05-26,68
2025-05-26,69
2025-05-26,70
2025-05-26,71
2025-05-26,72
2025-05-26,73
2025-05-26,74
2025-05-26,75
2025-05-26,76
2025-05-26,77
2025-05-26,78
2025-05-26,79
2025-05-26,80
2025-05-26,81
2025-05-26,82
2025-05-26,83
2025-05-26,84
2025-05-26,85
2025-05-26,86
2025-05-26,87
2025-05-26,99
2025-05-26,100
2025-05-26,101
2025-05-26,102
2025-05-26,103
2025-05-26,104
2025-05-26,105
2025-05-26,106
2025-05-26,114
2025-05-26,115
2025-05-26,116
2025-05-26,117
2025-05-26,118
2025-05-26,121
2025-05-26,122
2025-05-26,123
2025-05-26,124
2025-05-26,125
2025-05-26,126
2025-05-26,127
2025-05-26,131
2025-05-26,212
2025-05-26,213
2025-05-26,214
2025-05-26,215
2025-05-26,216
2025-05-26,217
2025-05-26,218
2025-05-26,219
2025-05-26,220
2025-05-26,221
2025-05-26,222
2025-05-26,223
2025-05-26,224
2025-05-26,225
2025-05-26,231
2025-05-26,232
2025-05-26,233
2025-05-26,234
2025-05-26,235
2025-05-26,236
2025-05-26,237
2025-05-26,238
2025-05-26,239
2025-05-26,240
2025-05-26,241
2025-05-26,242
2025-05-26,243
2025-05-26,244
2025-05-26,245
2025-05-26,246
2025-05-26,247
2025-05-26,248
2025-05-26,249
2025-05-26,250
2025-05-26,251
2025-05-26,252
2025-05-26,253
2025-05-26,254
2025-05-26,255
2025-05-26,256
2025-05-26,260
2025-05-26,270
2025-05-26,2250
2025-05-26,2260
2025-05-26,2270
2025-05-26,2280
2025-05-26,2352
2025-05-26,2353
2025-05-26,2354
2025-05-26,2355
2025-05-26,2358
2025-05-26,2359
2025-05-26,2360
2025-05-26,2361
2025-05-26,2362
2025-05-26,2363
2025-05-26,2364
2025-05-26,2365
2025-05-26,2366
2025-05-26,2367
2025-05-26,2368
2025-05-26,2369
2025-05-26,2370
2025-05-26,2371
2025-05-26,2372
2025-05-26,2373
2025-05-26,2374
2025-05-26,2375
2025-05-26,2376
2025-05-26,3261
2025-05-30,321
2025-05-30,568
2025-05-30,569
2025-05-30,570
2025-05-30,571
2025-05-30,572
2025-05-30,573
2025-05-30,574
2025-05-30,575
2025-05-30,576
2025-05-30,577
2025-05-30,578
2025-05-30,579
2025-05-30,580
2025-05-30,581
2025-05-30,582
2025-05-30,583
2025-05-30,584
2025-05-30,585
2025-05-30,586
2025-05-30,587
2025-05-30,589
2025-05-30,590
2025-05-30,604
2025-05-30,605
2025-05-30,606
2025-05-30,607
2025-05-30,608
2025-05-30,609
2025-05-30,610
2025-05-30,612
2025-05-30,613
2025-05-30,614
2025-05-30,615
2025-05-30,616
2025-05-30,617
2025-05-30,618
2025-05-30,619
2025-05-30,620
2025-05-30,622
2025-05-30,623
2025-05-30,624
2025-05-30,625
2025-05-30,626
2025-05-30,627
2025-05-30,628
2025-05-30,629
2025-05-30,630
2025-05-30,631
2025-05-30,632
2025-05-30,633
2025-05-30,634
2025-05-30,635
2025-05-30,636
2025-05-30,637
2025-05-30,638
2025-05-30,639
2025-05-30,641
2025-05-30,646
2025-05-30,647
2025-05-30,648
2025-05-30,649
2025-05-30,650
2025-05-30,651
2025-05-30,652
2025-05-30,653
2025-05-30,654
2025-05-30,655
2025-05-30,656
2025-05-30,657
2025-05-30,658
2025-05-30,659
2025-05-30,660
2025-05-30,671
2025-05-30,672
2025-05-30,685
2025-05-30,686
2025-05-30,710
2025-05-30,711
2025-05-30,713
2025-05-30,714
2025-05-30,718
2025-05-30,719
2025-05-30,720
2025-05-30,721
2025-05-30,722
2025-05-30,723
2025-05-30,730
2025-05-30,731
2025-05-30,732
2025-05-30,733
2025-05-30,734
2025-05-30,735
2025-05-30,736
2025-05-30,737
2025-05-30,741
2025-05-30,742
2025-05-30,743
2025-05-30,747
2025-05-30,750
2025-05-30,751
2025-05-30,752
2025-05-30,753
2025-05-30,754
2025-05-30,755
2025-05-30,756
2025-05-30,823
2025-05-30,824
2025-05-30,825
2025-05-30,830
2025-05-30,831
2025-05-30,832
2025-05-30,833
2025-05-30,834
2025-05-30,852
2025-05-30,853
2025-05-30,854
2025-05-30,864
2025-05-30,865
2025-05-30,866
2025-05-30,867
2025-05-30,868
2025-05-30,870
2025-05-30,881
2025-05-30,887
2025-05-30,888
2025-05-30,889
2025-05-30,890
2025-05-30,891
2025-05-30,892
2025-05-30,893
2025-05-30,906
2025-05-30,909
2025-05-30,910
2025-05-30,914
2025-05-30,915
2025-05-30,916
2025-05-30,917
2025-05-30,918
2025-05-30,919
2025-05-30,920
2025-05-30,921
2025-05-30,922
2025-05-30,951
2025-05-30,952
2025-05-30,953
2025-05-30,954
2025-05-30,961
2025-05-30,962
2025-05-30,963
2025-05-30,964
2025-05-30,965
2025-05-30,966
2025-05-30,967
2025-05-30,968
2025-05-30,969
2025-05-30,970
2025-05-30,971
2025-05-30,972
2025-05-30,973
2025-05-30,974
2025-05-30,975
2025-05-30,976
2025-05-30,977
2025-05-30,978
2025-05-30,979
2025-05-30,980
2025-05-30,982
2025-05-30,983
2025-05-30,984
2025-05-30,1122
2025-05-30,1123
2025-05-30,1124
2025-05-30,1126
2025-05-30,1738
2025-05-30,1739
2025-05-30,1740
2025-05-30,1741
2025-05-30,1742
2025-05-30,1743
2025-05-30,1744
2025-05-30,1745
2025-05-30,1746
2025-05-30,1747
2025-05-30,1748
2025-05-30,1749
2025-05-30,1750
2025-05-30,1751
2025-05-30,1752
2025-05-30,1754
2025-05-30,1755
2025-05-30,1756
2025-05-30,1758
2025-05-30,1759
2025-05-30,1760
2025-05-30,1761
2025-05-30,1762
2025-05-30,1763
2025-05-30,1764
2025-05-30,1765
2025-05-30,1766
2025-05-30,1767
2025-05-30,1768
2025-05-30,1769
2025-05-30,1770
2025-05-30,1771
2025-05-30,1772
2025-05-30,1774
2025-05-30,1775
2025-05-30,1776
2025-05-30,1777
2025-05-30,1778
2025-05-30,1781
2025-05-30,1782
2025-05-30,1783
2025-05-30,1784
2025-05-30,1785
2025-05-30,1786
2025-05-30,1787
2025-05-30,1788
2025-05-30,1789
2025-05-30,1790
2025-05-30,1791
2025-05-30,1792
2025-05-30,1793
2025-05-30,1794
2025-05-30,1795
2025-05-30,1796
2025-05-30,1797
2025-05-30,1798
2025-05-30,1799
2025-05-30,1800
2025-05-30,1801
2025-05-30,1802
2025-05-30,1803
2025-05-30,1804
2025-05-30,1805
2025-05-30,1806
2025-05-30,1807
2025-05-30,1808
2025-05-30,1809
2025-05-30,1810
2025-05-30,1811
2025-05-30,1812
2025-05-30,1813
2025-05-30,1814
2025-05-30,1815
2025-05-30,1816
2025-05-30,1817
2025-05-30,1818
2025-05-30,1819
2025-05-30,1820
2025-05-30,2200
2025-05-30,2210
2025-05-30,2231
2025-05-31,36
2025-05-31,37
2025-05-31,38
2025-05-31,39
2025-05-31,40
2025-05-31,41
2025-05-31,42
2025-05-31,43
2025-05-31,44
2025-05-31,45
2025-05-31,46
2025-05-31,47
2025-05-31,48
2025-05-31,49
2025-05-31,50
2025-05-31,51
2025-05-31,52
2025-05-31,53
2025-05-31,54
2025-05-31,55
2025-05-31,56
2025-05-31,57
2025-05-31,58
2025-05-31,59
2025-05-31,60
2025-05-31,61
2025-05-31,62
2025-05-31,63
2025-05-31,64
2025-05-31,67
2025-05-31,68
2025-05-31,69
2025-05-31,70
2025-05-31,71
2025-05-31,72
2025-05-31,73
2025-05-31,74
2025-05-31,75
2025-05-31,76
2025-05-31,77
2025-05-31,78
2025-05-31,99
2025-05-31,100
2025-05-31,101
2025-05-31,102
2025-05-31,103
2025-05-31,104
2025-05-31,105
2025-05-31,106
2025-05-31,107
2025-05-31,108
2025-05-31,114
2025-05-31,115
2025-05-31,116
2025-05-31,117
2025-05-31,118
2025-05-31,121
2025-05-31,122
2025-05-31,123
2025-05-31,124
2025-05-31,125
2025-05-31,126
2025-05-31,127
2025-05-31,131
2025-05-31,212
2025-05-31,213
2025-05-31,214
2025-05-31,215
2025-05-31,216
2025-05-31,217
2025-05-31,218
2025-05-31,219
2025-05-31,220
2025-05-31,221
2025-05-31,222
2025-05-31,223
2025-05-31,224
2025-05-31,225
2025-05-31,231
2025-05-31,232
2025-05-31,233
2025-05-31,234
2025-05-31,235
2025-05-31,236
2025-05-31,237
2025-05-31,238
2025-05-31,239
2025-05-31,240
2025-05-31,241
2025-05-31,242
2025-05-31,243
2025-05-31,244
2025-05-31,245
2025-05-31,246
2025-05-31,247
2025-05-31,248
2025-05-31,249
2025-05-31,250
2025-05-31,251
2025-05-31,252
2025-05-31,253
2025-05-31,254
2025-05-31,255
2025-05-31,256
2025-05-31,260
2025-05-31,2250
2025-05-31,2260
2025-05-31,2270
2025-05-31,2280
2025-05-31,2352
2025-05-31,2353
2025-05-31,2354
2025-05-31,2355
2025-06-02,47
2025-06-02,106
2025-06-02,108
2025-06-02,109
2025-06-04,321
2025-06-04,568
2025-06-04,569
2025-06-04,570
2025-06-04,571
2025-06-04,572
2025-06-04,573
2025-06-04,574
2025-06-04,575
2025-06-04,576
2025-06-04,577
2025-06-04,578
2025-06-04,579
2025-06-04,580
2025-06-04,581
2025-06-04,582
2025-06-04,583
2025-06-04,584
2025-06-04,585
2025-06-04,586
2025-06-04,587
2025-06-04,589
2025-06-04,590
2025-06-04,604
2025-06-04,605
2025-06-04,606
2025-06-04,607
2025-06-04,608
2025-06-04,609
2025-06-04,610
2025-06-04,612
2025-06-04,613
2025-06-04,614
2025-06-04,615
2025-06-04,616
2025-06-04,617
2025-06-04,618
2025-06-04,619
2025-06-04,620
2025-06-04,622
2025-06-04,623
2025-06-04,624
2025-06-04,625
2025-06-04,626
2025-06-04,627
2025-06-04,628
2025-06-04,629
2025-06-04,630
2025-06-04,631
2025-06-04,632
2025-06-04,633
2025-06-04,634
2025-06-04,635
2025-06-04,636
2025-06-04,637
2025-06-04,638
2025-06-04,639
2025-06-04,641
2025-06-04,646
2025-06-04,647
2025-06-04,648
2025-06-04,649
2025-06-04,650
2025-06-04,651
2025-06-04,652
2025-06-04,653
2025-06-04,654
2025-06-04,655
2025-06-04,656
2025-06-04,657
2025-06-04,658
2025-06-04,659
2025-06-04,660
2025-06-04,671
2025-06-04,672
2025-06-04,685
2025-06-04,686
2025-06-04,710
2025-06-04,711
2025-06-04,713
2025-06-04,714
2025-06-04,718
2025-06-04,719
2025-06-04,720
2025-06-04,721
2025-06-04,722
2025-06-04,723
2025-06-04,730
2025-06-04,731
2025-06-04,732
2025-06-04,733
2025-06-04,734
2025-06-04,735
2025-06-04,736
2025-06-04,737
2025-06-04,741
2025-06-04,742
2025-06-04,743
2025-06-04,747
2025-06-04,750
2025-06-04,751
2025-06-04,752
2025-06-04,753
2025-06-04,754
2025-06-04,755
2025-06-04,756
2025-06-04,823
2025-06-04,824
2025-06-04,825
2025-06-04,830
2025-06-04,831
2025-06-04,832
2025-06-04,833
2025-06-04,834
2025-06-04,852
2025-06-04,853
2025-06-04,854
2025-06-04,864
2025-06-04,865
2025-06-04,866
2025-06-04,867
2025-06-04,868
2025-06-04,870
2025-06-04,881
2025-06-04,887
2025-06-04,888
2025-06-04,889
2025-06-04,890
2025-06-04,891
2025-06-04,892
2025-06-04,893
2025-06-04,906
2025-06-04,909
2025-06-04,910
2025-06-04,914
2025-06-04,915
2025-06-04,916
2025-06-04,917
2025-06-04,918
2025-06-04,919
2025-06-04,920
2025-06-04,921
2025-06-04,922
2025-06-04,951
2025-06-04,952
2025-06-04,953
2025-06-04,954
2025-06-04,961
2025-06-04,962
2025-06-04,963
2025-06-04,964
2025-06-04,965
2025-06-04,966
2025-06-04,967
2025-06-04,968
2025-06-04,969
2025-06-04,970
2025-06-04,971
2025-06-04,972
2025-06-04,973
2025-06-04,974
2025-06-04,975
2025-06-04,976
2025-06-04,977
2025-06-04,978
2025-06-04,979
2025-06-04,980
2025-06-04,982
2025-06-04,983
2025-06-04,984
2025-06-04,1122
2025-06-04,1123
2025-06-04,1124
2025-06-04,1126
2025-06-04,1738
2025-06-04,1739
2025-06-04,1740
2025-06-04,1741
2025-06-04,1742
2025-06-04,1743
2025-06-04,1744
2025-06-04,1745
2025-06-04,1746
2025-06-04,1747
2025-06-04,1748
2025-06-04,1749
2025-06-04,1750
2025-06-04,1751
2025-06-04,1752
2025-06-04,1754
2025-06-04,1755
2025-06-04,1756
2025-06-04,1758
2025-06-04,1759
2025-06-04,1760
2025-06-04,1761
2025-06-04,1762
2025-06-04,1763
2025-06-04,1764
2025-06-04,1765
2025-06-04,1766
2025-06-04,1767
2025-06-04,1768
2025-06-04,1769
2025-06-04,1770
2025-06-04,1771
2025-06-04,1772
2025-06-04,1774
2025-06-04,1775
2025-06-04,1776
2025-06-04,1777
2025-06-04,1778
2025-06-04,1781
2025-06-04,1782
2025-06-04,1783
2025-06-04,1784
2025-06-04,1785
2025-06-04,1786
2025-06-04,1787
2025-06-04,1788
2025-06-04,1789
2025-06-04,1790
2025-06-04,1791
2025-06-04,1792
2025-06-04,1793
2025-06-04,1794
2025-06-04,1795
2025-06-04,1796
2025-06-04,1797
2025-06-04,1798
2025-06-04,1799
2025-06-04,1800
2025-06-04,1801
2025-06-04,1802
2025-06-04,1803
2025-06-04,1804
2025-06-04,1805
2025-06-04,1806
2025-06-04,1807
2025-06-04,1808
2025-06-04,1809
2025-06-04,1810
2025-06-04,1811
2025-06-04,1812
2025-06-04,1813
2025-06-04,1814
2025-06-04,1815
2025-06-04,1816
2025-06-04,1817
2025-06-04,1818
2025-06-04,1819
2025-06-04,1820
2025-06-04,2200
2025-06-04,2210
2025-06-04,2231
2025-06-06,608
2025-06-06,609
2025-06-06,615
2025-06-06,616
2025-06-07,962
2025-06-07,975
2025-06-07,976
2025-06-07,982
2025-06-07,983
2025-06-07,1814
2025-06-07,1815
2025-06-07,1816
2025-06-09,713
2025-06-09,714
2025-06-09,719
2025-06-09,722
2025-06-09,1781
2025-06-09,1786
2025-06-09,1789
2025-06-09,1790
2025-06-09,1791
2025-06-09,1792
2025-06-09,1793
2025-06-09,1795
2025-06-09,1796
2025-06-09,1797
2025-06-09,1798
2025-06-09,1799
2025-06-09,1800
2025-06-09,1801
2025-06-09,1802
2025-06-09,1803
2025-06-09,1804
2025-06-09,1805
2025-06-09,1806
2025-06-09,1807
2025-06-09,1816
2025-06-09,1817
2025-06-09,1818
2025-06-09,1819
2025-06-09,1820
2025-06-10,975
2025-06-10,979
2025-06-10,980
2025-06-10,982
2025-06-10,983
2025-06-10,1814
2025-06-12,63
2025-06-12,64
2025-06-12,100
2025-06-12,107
2025-06-12,108
2025-06-12,606
2025-06-12,607
2025-06-12,714
2025-06-12,718
2025-06-12,719
2025-06-12,720
2025-06-12,722
2025-06-12,1803
2025-06-17,2351
2025-06-17,2353
2025-06-17,2354
2025-06-17,2355
2025-06-17,2356
2025-06-17,36
2025-06-20,606
2025-06-20,607
2025-06-20,719
2025-06-20,720
2025-06-23,107
2025-06-23,108
2025-06-23,109
2025-06-24,1797
2025-06-24,1798
2025-06-24,1799
2025-06-24,1800
2025-06-24,1803
2025-06-24,1804
2025-06-24,1805
2025-06-24,1814
2025-06-24,1816
2025-06-24,1817
2025-06-24,930
2025-06-28,2310
2025-06-28,2311
2025-06-28,2315
2025-06-28,2322
2025-06-28,662
2025-06-28,664
2025-06-28,665
2025-06-28,668
2025-06-29,1797
2025-06-29,1798
2025-06-29,1799
2025-06-29,1800
2025-06-29,1803
2025-06-29,1804
2025-06-29,1805
2025-06-29,1814
2025-06-29,1816
2025-06-29,1818
2025-06-29,1820
2025-06-29,321
2025-06-29,602
2025-06-29,603
2025-06-29,604
2025-06-29,605
2025-06-29,606
2025-06-29,607
2025-06-29,608
2025-06-29,609
2025-06-29,610
2025-06-29,611
2025-06-29,612
2025-06-29,613
2025-06-29,614
2025-06-29,615
2025-06-29,616
2025-06-29,617
2025-06-29,618
2025-06-29,619
2025-06-29,620
2025-06-29,624
2025-06-29,625
2025-06-29,626
2025-06-29,627
2025-06-29,628
2025-06-29,629
2025-06-29,630
2025-06-29,631
2025-06-29,632
2025-06-29,633
2025-06-29,641
2025-06-29,685
2025-06-29,695
2025-06-29,710
2025-06-29,711
2025-06-29,713
2025-06-29,714
2025-06-29,715
2025-06-29,716
2025-06-29,717
2025-06-29,718
2025-06-29,719
2025-06-29,720
2025-06-29,722
2025-07-01,36
2025-07-01,40
2025-07-02,602
2025-07-02,699
2025-07-02,715
2025-07-02,716
2025-07-02,717
2025-07-04,107
2025-07-04,108
2025-07-04,109
2025-07-04,110
2025-07-04,111
2025-07-04,112
2025-07-04,88
2025-07-06,107
2025-07-06,108
2025-07-06,109
2025-07-06,110
2025-07-06,111
2025-07-06,112
2025-07-06,88
2025-07-08,107
2025-07-08,108
2025-07-08,109
2025-07-08,110
2025-07-08,111
2025-07-08,112
2025-07-08,88
2025-07-11,783
2025-07-11,784
2025-07-15,1797
2025-07-15,1798
2025-07-15,1799
2025-07-15,1800
2025-07-15,1803
2025-07-15,1804
2025-07-15,1805
2025-07-15,1814
2025-07-15,1816
2025-07-15,1818
2025-07-15,1820
2025-07-15,321
2025-07-15,602
2025-07-15,603
2025-07-15,604
2025-07-15,605
2025-07-15,606
2025-07-15,607
2025-07-15,608
2025-07-15,609
2025-07-15,610
2025-07-15,611
2025-07-15,612
2025-07-15,613
2025-07-15,614
2025-07-15,615
2025-07-15,616
2025-07-15,617
2025-07-15,619
2025-07-15,620
2025-07-15,624
2025-07-15,625
2025-07-15,626
2025-07-15,627
2025-07-15,628
2025-07-15,629
2025-07-15,630
2025-07-15,631
2025-07-15,632
2025-07-15,633
2025-07-15,641
2025-07-15,685
2025-07-15,695
2025-07-15,710
2025-07-15,711
2025-07-15,713
2025-07-15,714
2025-07-15,715
2025-07-15,716
2025-07-15,717
2025-07-15,718
2025-07-15,719
2025-07-15,720
2025-07-15,722
2025-07-17,602
2025-07-17,606
2025-07-17,699
2025-07-17,713
2025-07-17,714
2025-07-17,715
2025-07-17,716
2025-07-17,717
2025-07-17,718
2025-07-18,975
2025-07-18,979
2025-07-18,980
2025-07-18,982
2025-07-18,983
2025-07-20,130
2025-07-20,132
2025-07-20,133
2025-07-20,134
2025-07-20,136
2025-07-20,137
2025-07-20,138
2025-07-20,139
2025-07-20,2351
2025-08-02,606
2025-08-02,715
2025-08-02,717
2025-08-06,110
2025-08-06,613
2025-08-06,624
2025-08-06,625
2025-08-06,628
2025-08-06,629
2025-08-06,630
2025-08-06,631
2025-08-06,641
2025-08-06,695
2025-08-07,699
2025-08-07,713
2025-08-07,715
2025-08-07,716
2025-08-20,1805
2025-08-20,1813
2025-08-20,1814
2025-08-20,1815
2025-08-20,1816
2025-08-20,1818
2025-08-20,760
2025-08-20,975
2025-08-20,976
2025-08-26,699
2025-08-26,700
2025-08-26,712
2025-08-26,713
2025-08-26,716
2025-08-26,764
2025-09-06,688
2025-09-06,690
2025-09-06,726
2025-09-06,727
2025-09-06,783
2025-09-06,784
2025-09-06,786
2025-09-08,783
2025-09-08,784
2025-09-08,785
2025-09-08,786
2025-09-10,663
2025-09-10,785
2025-09-10,786
2025-09-10,787
2025-09-13,726
2025-09-13,727
2025-09-13,784
2025-09-13,786
